account_id,txn_date,amount_paise,direction,description,reference,counterparty
ACC-001,2026-05-31,-5088743,debit,Acme Corp Ltd payment,UTR196831611956,Acme Corp Ltd
ACC-001,2026-05-31,19300655,credit,Payment from Vertex Systems,UTR354342113419,Vertex Systems
ACC-001,2026-06-01,4123074,credit,Payment from Bluechip Industries,UTR407473554860,Bluechip Industries
ACC-001,2026-06-01,-1812624,debit,Apex Dynamics payment,UTR865189910212,Apex Dynamics
ACC-001,2026-06-02,15536315,credit,Payment from Synergy Solutions,UTR204710990461,Synergy Solutions
ACC-001,2026-06-02,-26242368,debit,Synergy Solutions payment,UTR150711229823,Synergy Solutions
ACC-001,2026-06-02,-24768424,debit,Metro Logistics payment,UTR781304820142,Metro Logistics
ACC-001,2026-06-02,67935120,credit,Payment from Crest Capital,UTR147543377362,Crest Capital
ACC-001,2026-06-02,8870278,credit,Payment from Quantum Supplies,UTR517045625552,Quantum Supplies
ACC-001,2026-06-03,-7424796,debit,Horizon Exports payment,UTR488136971784,Horizon Exports
ACC-001,2026-06-03,-3181023,debit,Zephyr Ltd payment,UTR287410804707,Zephyr Ltd
ACC-001,2026-06-03,-1175221,debit,Bluechip Industries payment,UTR397982492151,Bluechip Industries
ACC-001,2026-06-03,-5914758,debit,Quantum Supplies payment,UTR349348354829,Quantum Supplies
ACC-001,2026-06-04,28382699,credit,Payment from Apex Dynamics,UTR726820024292,Apex Dynamics
ACC-001,2026-06-04,5095857,credit,Payment from Metro Logistics,,Metro Logistics
ACC-001,2026-06-05,3686537,credit,Payment from Northwind Traders,UTR690821577339,Northwind Traders
ACC-001,2026-06-05,-1518039,debit,Prestige Estates payment,UTR658939878788,Prestige Estates
ACC-001,2026-06-05,19944713,credit,Payment from Horizon Exports,UTR267974663989,Horizon Exports
ACC-001,2026-06-05,5046649,credit,Payment from Quantum Supplies,UTR681830843906,Quantum Supplies
ACC-001,2026-06-05,-1475220,debit,Prestige Estates payment,,Prestige Estates
ACC-001,2026-06-06,-2983714,debit,Quantum Supplies payment,UTR476415064723,Quantum Supplies
ACC-001,2026-06-06,2581698,credit,Payment from BoltParts Pvt,UTR390853813771,BoltParts Pvt
ACC-001,2026-06-07,-8915594,debit,Bluechip Industries payment,UTR317363871943,Bluechip Industries
ACC-001,2026-06-07,4798579,credit,Payment from Northwind Traders,UTR958793742143,Northwind Traders
ACC-001,2026-06-07,-1950352,debit,Bluechip Industries payment,UTR438472520493,Bluechip Industries
ACC-001,2026-06-08,4451280,credit,Payment from Acme Corp Ltd,UTR190532572167,Acme Corp Ltd
ACC-001,2026-06-08,-23172914,debit,Metro Logistics payment,UTR822105942877,Metro Logistics
ACC-001,2026-06-08,-10194245,debit,Horizon Exports payment,UTR566461768998,Horizon Exports
ACC-001,2026-06-09,-2791569,debit,Bluechip Industries payment,UTR815849444665,Bluechip Industries
ACC-001,2026-06-09,1716665,credit,Payment from Synergy Solutions,UTR371102648727,Synergy Solutions
ACC-001,2026-06-09,45333831,credit,Payment from Zephyr Ltd,UTR177340295766,Zephyr Ltd
ACC-001,2026-06-10,12225393,credit,Payment from Zephyr Ltd,UTR178728590908,Zephyr Ltd
ACC-001,2026-06-10,6662296,credit,Payment from Bluechip Industries,UTR733812803930,Bluechip Industries
ACC-001,2026-06-11,-2726684,debit,Zephyr Ltd payment,,Zephyr Ltd
ACC-001,2026-06-11,5447373,credit,Payment from Zephyr Ltd,UTR902574067628,Zephyr Ltd
ACC-001,2026-06-11,-2277176,debit,Acme Corp Ltd payment,,Acme Corp Ltd
ACC-001,2026-06-11,7452288,credit,Payment from BoltParts Pvt,UTR306981303296,BoltParts Pvt
ACC-001,2026-06-11,1182715,credit,Payment from Bluechip Industries,UTR608002483225,Bluechip Industries
ACC-001,2026-06-12,-776572,debit,Crest Capital payment,UTR813181846360,Crest Capital
ACC-001,2026-06-12,-10021390,debit,Bluechip Industries payment,,Bluechip Industries
ACC-001,2026-06-12,-8919354,debit,Apex Dynamics payment,UTR280640463568,Apex Dynamics
ACC-001,2026-06-13,-13555223,debit,Acme Corp Ltd payment,UTR962361016774,Acme Corp Ltd
ACC-001,2026-06-13,5273233,credit,Payment from Horizon Exports,UTR888821730785,Horizon Exports
ACC-001,2026-06-13,1596341,credit,Payment from Horizon Exports,UTR164290117190,Horizon Exports
ACC-001,2026-06-13,-11179796,debit,Vertex Systems payment,UTR651803604970,Vertex Systems
ACC-001,2026-06-13,-6914655,debit,Crest Capital payment,UTR188080452706,Crest Capital
ACC-001,2026-06-14,-3588891,debit,BoltParts Pvt payment,UTR726594012825,BoltParts Pvt
ACC-001,2026-06-14,-2602553,debit,Zephyr Ltd payment,UTR559913616724,Zephyr Ltd
ACC-001,2026-06-14,-495175,debit,Quantum Supplies payment,UTR446673404045,Quantum Supplies
ACC-001,2026-06-15,6703645,credit,Payment from Prestige Estates,UTR603799651266,Prestige Estates
ACC-001,2026-06-15,-5670342,debit,Synergy Solutions payment,UTR177738827541,Synergy Solutions
ACC-001,2026-06-15,9375296,credit,Payment from Bluechip Industries,UTR486260407870,Bluechip Industries
ACC-001,2026-06-16,34732285,credit,Payment from Zephyr Ltd,UTR989003396697,Zephyr Ltd
ACC-001,2026-06-16,-24394047,debit,Quantum Supplies payment,UTR428799513174,Quantum Supplies
ACC-001,2026-06-17,45750887,credit,Payment from Northwind Traders,UTR762635097563,Northwind Traders
ACC-001,2026-06-17,-1745899,debit,Zephyr Ltd payment,UTR655184583398,Zephyr Ltd
ACC-001,2026-06-18,-6419392,debit,Prestige Estates payment,UTR148432972787,Prestige Estates
ACC-001,2026-06-18,6474465,credit,Payment from Acme Corp Ltd,UTR391971008994,Acme Corp Ltd
ACC-001,2026-06-18,-1837073,debit,Northwind Traders payment,UTR859707157168,Northwind Traders
ACC-001,2026-06-18,-3569334,debit,Northwind Traders payment,,Northwind Traders
ACC-001,2026-06-18,-3838552,debit,Vertex Systems payment,UTR975885943559,Vertex Systems
ACC-001,2026-06-19,11615876,credit,Payment from Synergy Solutions,UTR486988551875,Synergy Solutions
ACC-001,2026-06-19,-33607904,debit,Apex Dynamics payment,UTR992493718889,Apex Dynamics
ACC-001,2026-06-20,1007959,credit,Payment from Pinnacle Tech,UTR960420184902,Pinnacle Tech
ACC-001,2026-06-20,-16577293,debit,Pinnacle Tech payment,UTR872180893759,Pinnacle Tech
ACC-001,2026-06-20,1918733,credit,Payment from BoltParts Pvt,UTR342539766821,BoltParts Pvt
ACC-001,2026-06-21,-1687388,debit,Crest Capital payment,,Crest Capital
ACC-001,2026-06-21,60632403,credit,Payment from Zephyr Ltd,UTR406352552364,Zephyr Ltd
ACC-001,2026-06-21,11770374,credit,Payment from Crest Capital,UTR692034016653,Crest Capital
ACC-001,2026-06-22,3314893,credit,Payment from Acme Corp Ltd,,Acme Corp Ltd
ACC-001,2026-06-22,-6601267,debit,Northwind Traders payment,UTR900348631876,Northwind Traders
ACC-001,2026-06-22,9660105,credit,Payment from Apex Dynamics,UTR226750596909,Apex Dynamics
ACC-001,2026-06-22,-5585804,debit,Pinnacle Tech payment,UTR691874457344,Pinnacle Tech
ACC-001,2026-06-23,13997257,credit,Payment from Synergy Solutions,,Synergy Solutions
ACC-001,2026-06-23,-3827879,debit,Synergy Solutions payment,,Synergy Solutions
ACC-001,2026-06-23,5887807,credit,Payment from Bluechip Industries,UTR866232475190,Bluechip Industries
ACC-001,2026-06-24,820070,credit,Payment from Bluechip Industries,UTR292856081318,Bluechip Industries
ACC-001,2026-06-24,-15605070,debit,Vertex Systems payment,UTR103580822352,Vertex Systems
ACC-001,2026-06-24,2393815,credit,Payment from Prestige Estates,UTR587328413513,Prestige Estates
ACC-001,2026-06-24,-8767903,debit,Horizon Exports payment,UTR976000808135,Horizon Exports
ACC-001,2026-06-25,1843445,credit,Payment from Quantum Supplies,UTR360924151492,Quantum Supplies
ACC-001,2026-06-25,8481580,credit,Payment from Quantum Supplies,,Quantum Supplies
ACC-001,2026-06-25,10451344,credit,Payment from Northwind Traders,,Northwind Traders
ACC-001,2026-06-26,39032818,credit,Payment from Horizon Exports,UTR886814108140,Horizon Exports
ACC-001,2026-06-26,5782584,credit,Payment from Metro Logistics,UTR928467665569,Metro Logistics
ACC-001,2026-06-27,14914973,credit,Payment from Apex Dynamics,UTR868618611504,Apex Dynamics
ACC-001,2026-06-27,-618484,debit,Bluechip Industries payment,UTR981040982753,Bluechip Industries
ACC-001,2026-06-28,-2273080,debit,Quantum Supplies payment,UTR771915736564,Quantum Supplies
ACC-001,2026-06-28,-760315,debit,Crest Capital payment,UTR275652171321,Crest Capital
ACC-001,2026-06-28,-4725037,debit,Metro Logistics payment,UTR373811796366,Metro Logistics
ACC-001,2026-06-28,-5639780,debit,Crest Capital payment,UTR582215724207,Crest Capital
ACC-001,2026-06-28,-1494218,debit,BoltParts Pvt payment,UTR449334805176,BoltParts Pvt
ACC-001,2026-06-29,5988783,credit,Payment from Northwind Traders,UTR548458442836,Northwind Traders
ACC-001,2026-06-29,-7356500,debit,Synergy Solutions payment,UTR527006264991,Synergy Solutions
ACC-001,2026-06-30,-1817104,debit,Crest Capital payment,,Crest Capital
ACC-001,2026-06-30,-2968797,debit,Prestige Estates payment,,Prestige Estates
ACC-001,2026-07-01,-1358544,debit,Bluechip Industries payment,UTR397295152191,Bluechip Industries
ACC-001,2026-07-01,-3389900,debit,Pinnacle Tech payment,UTR845902132535,Pinnacle Tech
ACC-001,2026-07-01,19844320,credit,Payment from Apex Dynamics,UTR686788125561,Apex Dynamics
ACC-001,2026-07-01,-13141208,debit,Acme Corp Ltd payment,UTR128617366055,Acme Corp Ltd
ACC-001,2026-07-01,-10399660,debit,BoltParts Pvt payment,UTR458110524275,BoltParts Pvt
ACC-001,2026-07-02,27337695,credit,Payment from Horizon Exports,UTR406571012708,Horizon Exports
ACC-001,2026-07-02,-939193,debit,Apex Dynamics payment,UTR695922521544,Apex Dynamics
ACC-001,2026-07-02,-12273302,debit,Acme Corp Ltd payment,UTR175806791671,Acme Corp Ltd
ACC-001,2026-07-03,10399382,credit,Payment from Apex Dynamics,UTR238463496194,Apex Dynamics
ACC-001,2026-07-03,-33821874,debit,Horizon Exports payment,UTR612037258811,Horizon Exports
ACC-001,2026-07-04,879050,credit,Payment from Apex Dynamics,UTR217300018982,Apex Dynamics
ACC-001,2026-07-04,1483764,credit,Payment from Vertex Systems,UTR516432181410,Vertex Systems
ACC-001,2026-07-04,-7664632,debit,Pinnacle Tech payment,,Pinnacle Tech
ACC-001,2026-07-04,45863752,credit,Payment from Zephyr Ltd,UTR855271258456,Zephyr Ltd
ACC-001,2026-07-05,-6034512,debit,Apex Dynamics payment,UTR174606033855,Apex Dynamics
ACC-001,2026-07-05,-2024286,debit,Bluechip Industries payment,UTR218069517293,Bluechip Industries
ACC-001,2026-07-06,-10521682,debit,Synergy Solutions payment,UTR674382277186,Synergy Solutions
ACC-001,2026-07-06,1909561,credit,Payment from Quantum Supplies,,Quantum Supplies
ACC-001,2026-07-06,-806914,debit,Bluechip Industries payment,UTR198503450940,Bluechip Industries
ACC-001,2026-07-06,-7528259,debit,Prestige Estates payment,UTR724766165589,Prestige Estates
ACC-001,2026-07-06,-2735202,debit,Vertex Systems payment,UTR334022245021,Vertex Systems
ACC-001,2026-07-07,33196384,credit,Payment from Apex Dynamics,UTR871359612234,Apex Dynamics
ACC-001,2026-07-07,-2616389,debit,Prestige Estates payment,UTR638616507491,Prestige Estates
ACC-001,2026-07-07,-4671733,debit,Bluechip Industries payment,UTR884458179683,Bluechip Industries
ACC-001,2026-07-07,27072320,credit,Payment from Horizon Exports,UTR436052436803,Horizon Exports
ACC-001,2026-07-08,-5472355,debit,Horizon Exports payment,UTR920324285791,Horizon Exports
ACC-001,2026-07-08,7569484,credit,Payment from Bluechip Industries,UTR890792195524,Bluechip Industries
ACC-001,2026-07-08,4015657,credit,Payment from Zephyr Ltd,UTR941602610731,Zephyr Ltd
ACC-001,2026-07-08,13357340,credit,Payment from Metro Logistics,UTR937418150636,Metro Logistics
ACC-001,2026-07-09,-15402781,debit,BoltParts Pvt payment,UTR294823500706,BoltParts Pvt
ACC-001,2026-07-09,3910447,credit,Payment from Prestige Estates,,Prestige Estates
ACC-001,2026-07-09,8150340,credit,Payment from Bluechip Industries,,Bluechip Industries
ACC-001,2026-07-09,-658573,debit,Quantum Supplies payment,UTR626002054624,Quantum Supplies
ACC-001,2026-07-10,11497721,credit,Payment from Synergy Solutions,UTR226605882836,Synergy Solutions
ACC-001,2026-07-10,2076159,credit,Payment from Crest Capital,UTR263860419795,Crest Capital
ACC-001,2026-07-10,-5351813,debit,Apex Dynamics payment,UTR374851785492,Apex Dynamics
ACC-001,2026-07-10,-1561028,debit,BoltParts Pvt payment,UTR674562228753,BoltParts Pvt
ACC-001,2026-07-10,-9838863,debit,Pinnacle Tech payment,UTR747939482105,Pinnacle Tech
ACC-001,2026-07-11,-52888041,debit,Prestige Estates payment,UTR330909197611,Prestige Estates
ACC-001,2026-07-11,30814793,credit,Payment from Quantum Supplies,UTR362667560128,Quantum Supplies
ACC-001,2026-07-11,-8822284,debit,Northwind Traders payment,UTR419845838633,Northwind Traders
ACC-001,2026-07-11,27835721,credit,Payment from Acme Corp Ltd,UTR179259461026,Acme Corp Ltd
ACC-001,2026-07-11,8236763,credit,Payment from Quantum Supplies,UTR564706095026,Quantum Supplies
ACC-001,2026-07-12,82914988,credit,Payment from Bluechip Industries,UTR177920311528,Bluechip Industries
ACC-001,2026-07-12,4933485,credit,Payment from Acme Corp Ltd,UTR582275910205,Acme Corp Ltd
ACC-001,2026-07-13,-23672216,debit,Horizon Exports payment,UTR400401507048,Horizon Exports
ACC-001,2026-07-13,-1435140,debit,Bluechip Industries payment,,Bluechip Industries
ACC-001,2026-07-14,18543995,credit,Payment from Vertex Systems,UTR842865751617,Vertex Systems
ACC-001,2026-07-14,-4197952,debit,Crest Capital payment,UTR395585753511,Crest Capital
ACC-001,2026-07-14,8799515,credit,Payment from Vertex Systems,UTR668956468715,Vertex Systems
ACC-001,2026-07-14,4873675,credit,Payment from Quantum Supplies,UTR640368067420,Quantum Supplies
ACC-001,2026-07-15,557113278,credit,Payment from Horizon Exports,UTR214547351220,Horizon Exports
ACC-001,2026-07-15,3033504,credit,Payment from Crest Capital,UTR995073126883,Crest Capital
ACC-001,2026-07-16,20955845,credit,Payment from Horizon Exports,UTR545699699578,Horizon Exports
ACC-001,2026-07-16,-21532594,debit,Crest Capital payment,UTR157609459666,Crest Capital
ACC-001,2026-07-17,8771822,credit,Payment from Bluechip Industries,UTR588017414546,Bluechip Industries
ACC-001,2026-07-17,9342392,credit,Payment from Apex Dynamics,UTR868287386081,Apex Dynamics
ACC-001,2026-07-17,18819347,credit,Payment from Horizon Exports,,Horizon Exports
ACC-001,2026-07-18,2359159,credit,Payment from Metro Logistics,UTR228475055567,Metro Logistics
ACC-001,2026-07-18,-3358010,debit,Horizon Exports payment,UTR646122147534,Horizon Exports
ACC-001,2026-07-18,7090282,credit,Payment from Metro Logistics,UTR368316140875,Metro Logistics
ACC-001,2026-07-19,3026731,credit,Payment from Bluechip Industries,UTR660920055648,Bluechip Industries
ACC-001,2026-07-19,-8478344,debit,Metro Logistics payment,UTR475444318886,Metro Logistics
ACC-001,2026-07-19,-2726496,debit,Apex Dynamics payment,,Apex Dynamics
ACC-001,2026-07-19,-9948560,debit,Prestige Estates payment,UTR266925023221,Prestige Estates
ACC-001,2026-07-19,-1626383,debit,Horizon Exports payment,UTR939889089976,Horizon Exports
ACC-001,2026-07-20,-34080546,debit,Horizon Exports payment,UTR355047917740,Horizon Exports
ACC-001,2026-07-20,-641032,debit,Crest Capital payment,UTR622889527089,Crest Capital
ACC-001,2026-07-20,-558235,debit,Metro Logistics payment,UTR641819166671,Metro Logistics
ACC-001,2026-07-20,113879103,credit,Payment from Acme Corp Ltd,,Acme Corp Ltd
ACC-001,2026-07-20,-10669293,debit,Synergy Solutions payment,UTR114847393047,Synergy Solutions
ACC-001,2026-07-21,-2325081,debit,Pinnacle Tech payment,,Pinnacle Tech
ACC-001,2026-07-21,-12203058,debit,BoltParts Pvt payment,UTR188690373106,BoltParts Pvt
ACC-001,2026-07-21,8107427,credit,Payment from Crest Capital,UTR518903718101,Crest Capital
ACC-001,2026-07-22,-5636350,debit,Quantum Supplies payment,UTR357991902637,Quantum Supplies
ACC-001,2026-07-22,-659567,debit,Quantum Supplies payment,UTR921315799665,Quantum Supplies
ACC-001,2026-07-22,39976256,credit,Payment from BoltParts Pvt,,BoltParts Pvt
ACC-001,2026-07-22,26810421,credit,Payment from Horizon Exports,UTR147368967775,Horizon Exports
ACC-001,2026-07-23,4482566,credit,Payment from Apex Dynamics,UTR720245039395,Apex Dynamics
ACC-001,2026-07-23,-11401941,debit,Quantum Supplies payment,UTR770354064649,Quantum Supplies
ACC-001,2026-07-23,5630717,credit,Payment from Crest Capital,UTR607803382689,Crest Capital
ACC-001,2026-07-23,2764614,credit,Payment from Quantum Supplies,UTR614556980960,Quantum Supplies
ACC-001,2026-07-24,-43154190,debit,Quantum Supplies payment,,Quantum Supplies
ACC-001,2026-07-24,-14706587,debit,Prestige Estates payment,UTR599290370034,Prestige Estates
ACC-001,2026-07-24,104987002,credit,Payment from Crest Capital,UTR728703172393,Crest Capital
ACC-001,2026-07-24,-4961587,debit,Synergy Solutions payment,,Synergy Solutions
ACC-001,2026-07-25,-3230703,debit,Acme Corp Ltd payment,UTR957643978300,Acme Corp Ltd
ACC-001,2026-07-25,-2554552,debit,Metro Logistics payment,,Metro Logistics
ACC-001,2026-07-25,-9836859,debit,Metro Logistics payment,UTR983075619976,Metro Logistics
ACC-001,2026-07-25,5722473,credit,Payment from Synergy Solutions,UTR844105776108,Synergy Solutions
ACC-001,2026-07-26,7890578,credit,Payment from Quantum Supplies,UTR735798459372,Quantum Supplies
ACC-001,2026-07-26,-4078843,debit,Synergy Solutions payment,UTR457749775324,Synergy Solutions
ACC-001,2026-07-26,18996041,credit,Payment from Metro Logistics,,Metro Logistics
ACC-001,2026-07-27,-26668664,debit,Bluechip Industries payment,UTR379879587162,Bluechip Industries
ACC-001,2026-07-27,-11339674,debit,Crest Capital payment,,Crest Capital
ACC-001,2026-07-27,8152648,credit,Payment from Apex Dynamics,,Apex Dynamics
ACC-001,2026-07-27,-6288182,debit,Northwind Traders payment,UTR984100740545,Northwind Traders
ACC-001,2026-07-28,-22061817,debit,BoltParts Pvt payment,UTR235448546713,BoltParts Pvt
ACC-001,2026-07-28,9942056,credit,Payment from Horizon Exports,UTR217559584131,Horizon Exports
ACC-001,2026-07-28,3923030,credit,Payment from Quantum Supplies,UTR458893511908,Quantum Supplies
ACC-001,2026-07-28,78631112,credit,Payment from Vertex Systems,,Vertex Systems
ACC-001,2026-07-29,23752177,credit,Payment from Quantum Supplies,UTR142718868029,Quantum Supplies
ACC-001,2026-07-29,-8626149,debit,Prestige Estates payment,UTR599885427457,Prestige Estates
ACC-001,2026-07-29,-8142555,debit,Synergy Solutions payment,UTR696768414616,Synergy Solutions
ACC-002,2026-05-31,-8970483,debit,Vertex Systems payment,UTR776411594991,Vertex Systems
ACC-002,2026-05-31,-11751542,debit,Pinnacle Tech payment,UTR506691658703,Pinnacle Tech
ACC-002,2026-05-31,94608701,credit,Payment from Zephyr Ltd,UTR506671900140,Zephyr Ltd
ACC-002,2026-05-31,-2740649,debit,Bluechip Industries payment,UTR534051757557,Bluechip Industries
ACC-002,2026-05-31,53456247,credit,Payment from Prestige Estates,UTR334774804042,Prestige Estates
ACC-002,2026-06-01,-19246852,debit,Acme Corp Ltd payment,UTR963829265445,Acme Corp Ltd
ACC-002,2026-06-01,20819875,credit,Payment from Vertex Systems,UTR461777974575,Vertex Systems
ACC-002,2026-06-02,-1640213,debit,Apex Dynamics payment,UTR693263798805,Apex Dynamics
ACC-002,2026-06-02,-23480201,debit,Prestige Estates payment,UTR969122032652,Prestige Estates
ACC-002,2026-06-02,46367937,credit,Payment from Apex Dynamics,UTR388511190574,Apex Dynamics
ACC-002,2026-06-03,-977126,debit,Northwind Traders payment,UTR498478548963,Northwind Traders
ACC-002,2026-06-03,-3816890,debit,Bluechip Industries payment,UTR149886504030,Bluechip Industries
ACC-002,2026-06-04,-174677127,debit,Horizon Exports payment,,Horizon Exports
ACC-002,2026-06-04,-10114472,debit,Pinnacle Tech payment,UTR589238439747,Pinnacle Tech
ACC-002,2026-06-04,-3901562,debit,BoltParts Pvt payment,UTR798466125177,BoltParts Pvt
ACC-002,2026-06-04,-8322267,debit,Vertex Systems payment,UTR757106922666,Vertex Systems
ACC-002,2026-06-05,-1002331,debit,Horizon Exports payment,UTR815776541878,Horizon Exports
ACC-002,2026-06-05,-10625206,debit,Apex Dynamics payment,,Apex Dynamics
ACC-002,2026-06-05,-5651996,debit,Pinnacle Tech payment,UTR900650578998,Pinnacle Tech
ACC-002,2026-06-05,29501224,credit,Payment from BoltParts Pvt,UTR509116636460,BoltParts Pvt
ACC-002,2026-06-06,-27995149,debit,Quantum Supplies payment,UTR916458527301,Quantum Supplies
ACC-002,2026-06-06,25284570,credit,Payment from Metro Logistics,UTR744502710739,Metro Logistics
ACC-002,2026-06-06,-3046469,debit,Bluechip Industries payment,,Bluechip Industries
ACC-002,2026-06-07,-2029991,debit,Crest Capital payment,UTR758365355182,Crest Capital
ACC-002,2026-06-07,4807094,credit,Payment from Prestige Estates,UTR482716883762,Prestige Estates
ACC-002,2026-06-07,-3611720,debit,Crest Capital payment,UTR728261666589,Crest Capital
ACC-002,2026-06-07,-22980146,debit,Zephyr Ltd payment,,Zephyr Ltd
ACC-002,2026-06-07,-532530,debit,Vertex Systems payment,UTR395036212198,Vertex Systems
ACC-002,2026-06-08,12347706,credit,Payment from Northwind Traders,UTR719090551088,Northwind Traders
ACC-002,2026-06-08,672613,credit,Payment from Quantum Supplies,UTR198915919054,Quantum Supplies
ACC-002,2026-06-09,5359954,credit,Payment from Pinnacle Tech,UTR755272824750,Pinnacle Tech
ACC-002,2026-06-09,-11226081,debit,BoltParts Pvt payment,UTR781845110195,BoltParts Pvt
ACC-002,2026-06-09,-4077816,debit,Acme Corp Ltd payment,UTR557165098695,Acme Corp Ltd
ACC-002,2026-06-10,-21499504,debit,Zephyr Ltd payment,UTR222105549288,Zephyr Ltd
ACC-002,2026-06-10,-1803054,debit,Prestige Estates payment,UTR534738816383,Prestige Estates
ACC-002,2026-06-10,4444208,credit,Payment from Vertex Systems,UTR335988370017,Vertex Systems
ACC-002,2026-06-10,9635730,credit,Payment from Apex Dynamics,UTR575654803776,Apex Dynamics
ACC-002,2026-06-11,29140698,credit,Payment from Northwind Traders,UTR716328933739,Northwind Traders
ACC-002,2026-06-11,-2710298,debit,Crest Capital payment,UTR119053418099,Crest Capital
ACC-002,2026-06-11,-11106168,debit,Horizon Exports payment,,Horizon Exports
ACC-002,2026-06-12,5316585,credit,Payment from Vertex Systems,UTR460632081634,Vertex Systems
ACC-002,2026-06-12,-2642963,debit,Northwind Traders payment,UTR859487768166,Northwind Traders
ACC-002,2026-06-12,16508201,credit,Payment from Synergy Solutions,UTR188149747921,Synergy Solutions
ACC-002,2026-06-12,-2692492,debit,Pinnacle Tech payment,UTR466023864910,Pinnacle Tech
ACC-002,2026-06-12,5547663,credit,Payment from Apex Dynamics,UTR954294433114,Apex Dynamics
ACC-002,2026-06-13,-4840650,debit,Synergy Solutions payment,,Synergy Solutions
ACC-002,2026-06-13,20893987,credit,Payment from Crest Capital,UTR933880226158,Crest Capital
ACC-002,2026-06-13,-7943308,debit,Apex Dynamics payment,UTR790514124625,Apex Dynamics
ACC-002,2026-06-13,-1487867,debit,Horizon Exports payment,UTR722263658623,Horizon Exports
ACC-002,2026-06-14,-2993109,debit,Crest Capital payment,UTR174903210971,Crest Capital
ACC-002,2026-06-14,7309996,credit,Payment from Horizon Exports,UTR179488406665,Horizon Exports
ACC-002,2026-06-14,-10666643,debit,Prestige Estates payment,UTR182837365101,Prestige Estates
ACC-002,2026-06-14,-11684889,debit,Quantum Supplies payment,UTR737642491247,Quantum Supplies
ACC-002,2026-06-15,-1680769,debit,Horizon Exports payment,UTR452995800627,Horizon Exports
ACC-002,2026-06-15,-6159221,debit,Vertex Systems payment,UTR193262275159,Vertex Systems
ACC-002,2026-06-16,14167124,credit,Payment from Acme Corp Ltd,UTR677412919889,Acme Corp Ltd
ACC-002,2026-06-16,-1152889,debit,Bluechip Industries payment,UTR472693488384,Bluechip Industries
ACC-002,2026-06-16,-27032120,debit,Quantum Supplies payment,UTR467852375490,Quantum Supplies
ACC-002,2026-06-17,6526021,credit,Payment from Synergy Solutions,UTR765317675836,Synergy Solutions
ACC-002,2026-06-17,4133319,credit,Payment from Crest Capital,UTR257469014953,Crest Capital
ACC-002,2026-06-18,-3640585,debit,Prestige Estates payment,UTR194223002002,Prestige Estates
ACC-002,2026-06-18,-1942038,debit,Prestige Estates payment,UTR994763993623,Prestige Estates
ACC-002,2026-06-18,-10906857,debit,Northwind Traders payment,UTR201045089995,Northwind Traders
ACC-002,2026-06-18,-1183481,debit,Quantum Supplies payment,UTR495215290807,Quantum Supplies
ACC-002,2026-06-19,-1974607,debit,Northwind Traders payment,UTR254618722248,Northwind Traders
ACC-002,2026-06-19,55578852,credit,Payment from Northwind Traders,,Northwind Traders
ACC-002,2026-06-19,-1022352,debit,BoltParts Pvt payment,UTR472210151899,BoltParts Pvt
ACC-002,2026-06-19,-3334479,debit,Apex Dynamics payment,UTR276756169705,Apex Dynamics
ACC-002,2026-06-20,-1084023,debit,Crest Capital payment,UTR551159223644,Crest Capital
ACC-002,2026-06-20,-1089433,debit,Synergy Solutions payment,UTR771922717098,Synergy Solutions
ACC-002,2026-06-20,-5831911,debit,Prestige Estates payment,UTR993205436233,Prestige Estates
ACC-002,2026-06-21,4246359,credit,Payment from Crest Capital,UTR608698492376,Crest Capital
ACC-002,2026-06-21,3386266,credit,Payment from Apex Dynamics,,Apex Dynamics
ACC-002,2026-06-21,26997454,credit,Payment from Crest Capital,UTR378627421655,Crest Capital
ACC-002,2026-06-21,-12227458,debit,Acme Corp Ltd payment,UTR670568762733,Acme Corp Ltd
ACC-002,2026-06-21,3378781,credit,Payment from Crest Capital,UTR397041279675,Crest Capital
ACC-002,2026-06-22,684292,credit,Payment from Bluechip Industries,UTR555381080979,Bluechip Industries
ACC-002,2026-06-22,30387421,credit,Payment from Acme Corp Ltd,UTR508372385804,Acme Corp Ltd
ACC-002,2026-06-22,80111509,credit,Payment from Zephyr Ltd,UTR262312743925,Zephyr Ltd
ACC-002,2026-06-22,3805988,credit,Payment from Northwind Traders,,Northwind Traders
ACC-002,2026-06-22,-13671277,debit,Horizon Exports payment,UTR117520141303,Horizon Exports
ACC-002,2026-06-23,-16555258,debit,Zephyr Ltd payment,UTR768843380505,Zephyr Ltd
ACC-002,2026-06-23,11557120,credit,Payment from Bluechip Industries,UTR560585590540,Bluechip Industries
ACC-002,2026-06-23,-2417448,debit,Quantum Supplies payment,UTR649348422854,Quantum Supplies
ACC-002,2026-06-23,-2066075,debit,Vertex Systems payment,UTR569402438924,Vertex Systems
ACC-002,2026-06-24,3142600,credit,Payment from Vertex Systems,UTR830948947428,Vertex Systems
ACC-002,2026-06-24,15582537,credit,Payment from Quantum Supplies,UTR965467382366,Quantum Supplies
ACC-002,2026-06-25,-4711800,debit,Pinnacle Tech payment,UTR376481228502,Pinnacle Tech
ACC-002,2026-06-25,13027521,credit,Payment from Metro Logistics,UTR214367492808,Metro Logistics
ACC-002,2026-06-26,3425493,credit,Payment from Northwind Traders,UTR807868630522,Northwind Traders
ACC-002,2026-06-26,-1628221,debit,Northwind Traders payment,UTR989841108290,Northwind Traders
ACC-002,2026-06-26,453085,credit,Payment from Northwind Traders,UTR140620424485,Northwind Traders
ACC-002,2026-06-26,18936835,credit,Payment from Prestige Estates,UTR663972481559,Prestige Estates
ACC-002,2026-06-27,-667250,debit,Crest Capital payment,UTR811904963699,Crest Capital
ACC-002,2026-06-27,12754297,credit,Payment from Zephyr Ltd,UTR234317442585,Zephyr Ltd
ACC-002,2026-06-27,7511412,credit,Payment from Apex Dynamics,,Apex Dynamics
ACC-002,2026-06-27,28617539,credit,Payment from Metro Logistics,UTR648433258112,Metro Logistics
ACC-002,2026-06-27,-3910573,debit,Synergy Solutions payment,UTR193635218050,Synergy Solutions
ACC-002,2026-06-28,21312372,credit,Payment from BoltParts Pvt,UTR186340000596,BoltParts Pvt
ACC-002,2026-06-28,-4903799,debit,Synergy Solutions payment,UTR888567255357,Synergy Solutions
ACC-002,2026-06-28,2934236,credit,Payment from Pinnacle Tech,UTR490462379884,Pinnacle Tech
ACC-002,2026-06-28,-7280781,debit,Vertex Systems payment,UTR971792578891,Vertex Systems
ACC-002,2026-06-28,4768819,credit,Payment from Acme Corp Ltd,,Acme Corp Ltd
ACC-002,2026-06-29,4201529,credit,Payment from Acme Corp Ltd,UTR584392046519,Acme Corp Ltd
ACC-002,2026-06-29,11639335,credit,Payment from Acme Corp Ltd,UTR726848188124,Acme Corp Ltd
ACC-002,2026-06-29,-20976019,debit,Acme Corp Ltd payment,UTR507802091871,Acme Corp Ltd
ACC-002,2026-06-30,-1667984,debit,Horizon Exports payment,UTR407732520156,Horizon Exports
ACC-002,2026-06-30,-2884656,debit,Zephyr Ltd payment,UTR646259916866,Zephyr Ltd
ACC-002,2026-06-30,4207920,credit,Payment from Bluechip Industries,UTR333844962406,Bluechip Industries
ACC-002,2026-06-30,7023735,credit,Payment from Vertex Systems,,Vertex Systems
ACC-002,2026-07-01,22088083,credit,Payment from Zephyr Ltd,,Zephyr Ltd
ACC-002,2026-07-01,-2082653,debit,Horizon Exports payment,,Horizon Exports
ACC-002,2026-07-01,-2300840,debit,Crest Capital payment,UTR882360527749,Crest Capital
ACC-002,2026-07-01,-1273670,debit,Metro Logistics payment,UTR498545891235,Metro Logistics
ACC-002,2026-07-01,83102825,credit,Payment from Bluechip Industries,UTR127891611849,Bluechip Industries
ACC-002,2026-07-02,-4238115,debit,Bluechip Industries payment,UTR709812392951,Bluechip Industries
ACC-002,2026-07-02,-10449420,debit,Northwind Traders payment,,Northwind Traders
ACC-002,2026-07-02,-7791205,debit,Metro Logistics payment,UTR179778590209,Metro Logistics
ACC-002,2026-07-02,-2521656,debit,Northwind Traders payment,UTR238918633188,Northwind Traders
ACC-002,2026-07-03,-2131420,debit,Apex Dynamics payment,UTR667468951032,Apex Dynamics
ACC-002,2026-07-03,43618932,credit,Payment from Northwind Traders,UTR375216607657,Northwind Traders
ACC-002,2026-07-03,-36504378,debit,Zephyr Ltd payment,UTR787732369667,Zephyr Ltd
ACC-002,2026-07-04,-2723057,debit,Vertex Systems payment,,Vertex Systems
ACC-002,2026-07-04,9882785,credit,Payment from Northwind Traders,UTR765299027914,Northwind Traders
ACC-002,2026-07-04,-894838,debit,Synergy Solutions payment,UTR948863580109,Synergy Solutions
ACC-002,2026-07-04,4180090,credit,Payment from Vertex Systems,UTR557723843956,Vertex Systems
ACC-002,2026-07-05,-1264466,debit,Horizon Exports payment,UTR985815005569,Horizon Exports
ACC-002,2026-07-05,-3335458,debit,Apex Dynamics payment,UTR856227660834,Apex Dynamics
ACC-002,2026-07-06,4463301,credit,Payment from Northwind Traders,UTR450977696076,Northwind Traders
ACC-002,2026-07-06,-5345081,debit,Metro Logistics payment,UTR243446395572,Metro Logistics
ACC-002,2026-07-07,-3119927,debit,Bluechip Industries payment,UTR255683626158,Bluechip Industries
ACC-002,2026-07-07,33880777,credit,Payment from BoltParts Pvt,,BoltParts Pvt
ACC-002,2026-07-07,-5110001,debit,Crest Capital payment,UTR892755129397,Crest Capital
ACC-002,2026-07-07,110531220,credit,Payment from Synergy Solutions,UTR666918371818,Synergy Solutions
ACC-002,2026-07-08,-3238361,debit,Horizon Exports payment,UTR337257122934,Horizon Exports
ACC-002,2026-07-08,10086505,credit,Payment from Vertex Systems,UTR754960583409,Vertex Systems
ACC-002,2026-07-08,-1477141,debit,Crest Capital payment,,Crest Capital
ACC-002,2026-07-08,13145989,credit,Payment from Pinnacle Tech,UTR939089625715,Pinnacle Tech
ACC-002,2026-07-08,2822030,credit,Payment from Pinnacle Tech,UTR415908686997,Pinnacle Tech
ACC-002,2026-07-09,-10692489,debit,Pinnacle Tech payment,UTR787147912287,Pinnacle Tech
ACC-002,2026-07-09,-6827014,debit,Quantum Supplies payment,UTR473605408203,Quantum Supplies
ACC-002,2026-07-10,14789809,credit,Payment from Apex Dynamics,UTR651479758282,Apex Dynamics
ACC-002,2026-07-10,20214519,credit,Payment from Acme Corp Ltd,UTR265171508177,Acme Corp Ltd
ACC-002,2026-07-10,-9895893,debit,Vertex Systems payment,UTR774015096434,Vertex Systems
ACC-002,2026-07-10,71301412,credit,Payment from Synergy Solutions,UTR655495494160,Synergy Solutions
ACC-002,2026-07-11,-4539454,debit,Metro Logistics payment,UTR503798381019,Metro Logistics
ACC-002,2026-07-11,-18593108,debit,Synergy Solutions payment,UTR794444859626,Synergy Solutions
ACC-002,2026-07-11,-4231971,debit,Acme Corp Ltd payment,UTR961809200976,Acme Corp Ltd
ACC-002,2026-07-11,-5233622,debit,Apex Dynamics payment,UTR793741295384,Apex Dynamics
ACC-002,2026-07-11,-6895910,debit,Metro Logistics payment,,Metro Logistics
ACC-002,2026-07-12,-54326822,debit,Crest Capital payment,UTR581117672542,Crest Capital
ACC-002,2026-07-12,17778792,credit,Payment from Synergy Solutions,UTR551847274182,Synergy Solutions
ACC-002,2026-07-12,-29733074,debit,Bluechip Industries payment,UTR873361609375,Bluechip Industries
ACC-002,2026-07-13,3112885,credit,Payment from Bluechip Industries,UTR626830252568,Bluechip Industries
ACC-002,2026-07-13,36055269,credit,Payment from Bluechip Industries,UTR488893282253,Bluechip Industries
ACC-002,2026-07-13,-3710554,debit,Quantum Supplies payment,UTR983231287229,Quantum Supplies
ACC-002,2026-07-14,-10907042,debit,Vertex Systems payment,UTR430636290339,Vertex Systems
ACC-002,2026-07-14,7733070,credit,Payment from Apex Dynamics,UTR639898813531,Apex Dynamics
ACC-002,2026-07-14,-571954,debit,Synergy Solutions payment,UTR234380032135,Synergy Solutions
ACC-002,2026-07-14,-2102905,debit,Vertex Systems payment,UTR538001454361,Vertex Systems
ACC-002,2026-07-15,-4064736,debit,Apex Dynamics payment,UTR819159529356,Apex Dynamics
ACC-002,2026-07-15,-11095915,debit,Prestige Estates payment,UTR691966545051,Prestige Estates
ACC-002,2026-07-15,-4175049,debit,Prestige Estates payment,UTR364513422871,Prestige Estates
ACC-002,2026-07-15,5405489,credit,Payment from Zephyr Ltd,,Zephyr Ltd
ACC-002,2026-07-16,23834176,credit,Payment from Quantum Supplies,UTR949034254604,Quantum Supplies
ACC-002,2026-07-16,18826493,credit,Payment from Northwind Traders,UTR275789144602,Northwind Traders
ACC-002,2026-07-16,-11484381,debit,Pinnacle Tech payment,UTR453421026328,Pinnacle Tech
ACC-002,2026-07-17,3947735,credit,Payment from Quantum Supplies,UTR729866826929,Quantum Supplies
ACC-002,2026-07-17,-3368694,debit,Zephyr Ltd payment,,Zephyr Ltd
ACC-002,2026-07-17,621048,credit,Payment from Northwind Traders,,Northwind Traders
ACC-002,2026-07-17,-1966742,debit,Acme Corp Ltd payment,,Acme Corp Ltd
ACC-002,2026-07-18,23308815,credit,Payment from Acme Corp Ltd,UTR469294146760,Acme Corp Ltd
ACC-002,2026-07-18,-2316774,debit,Prestige Estates payment,,Prestige Estates
ACC-002,2026-07-18,-1942139,debit,Northwind Traders payment,UTR989886348922,Northwind Traders
ACC-002,2026-07-18,8143905,credit,Payment from BoltParts Pvt,UTR907514342796,BoltParts Pvt
ACC-002,2026-07-19,1786059,credit,Payment from Apex Dynamics,UTR289808182453,Apex Dynamics
ACC-002,2026-07-19,-22290381,debit,Vertex Systems payment,UTR538459200091,Vertex Systems
ACC-002,2026-07-19,2580004,credit,Payment from Quantum Supplies,,Quantum Supplies
ACC-002,2026-07-19,10115122,credit,Payment from Horizon Exports,UTR395295136297,Horizon Exports
ACC-002,2026-07-20,-10878282,debit,Prestige Estates payment,UTR818382900665,Prestige Estates
ACC-002,2026-07-20,-7951327,debit,Synergy Solutions payment,UTR853360527876,Synergy Solutions
ACC-002,2026-07-20,-6051525,debit,Bluechip Industries payment,,Bluechip Industries
ACC-002,2026-07-20,72212963,credit,Payment from Apex Dynamics,UTR343157964776,Apex Dynamics
ACC-002,2026-07-21,-22353438,debit,Northwind Traders payment,UTR769966957585,Northwind Traders
ACC-002,2026-07-21,2753808,credit,Payment from Synergy Solutions,UTR938456693474,Synergy Solutions
ACC-002,2026-07-21,-3546506,debit,Zephyr Ltd payment,UTR189281077298,Zephyr Ltd
ACC-002,2026-07-22,-15582387,debit,Bluechip Industries payment,UTR321214382495,Bluechip Industries
ACC-002,2026-07-22,-9178042,debit,Vertex Systems payment,UTR674900639822,Vertex Systems
ACC-002,2026-07-22,15512228,credit,Payment from Horizon Exports,UTR591818317190,Horizon Exports
ACC-002,2026-07-22,45976790,credit,Payment from Apex Dynamics,UTR600000441294,Apex Dynamics
ACC-002,2026-07-22,1205327,credit,Payment from Vertex Systems,UTR380873461000,Vertex Systems
ACC-002,2026-07-23,16647553,credit,Payment from Metro Logistics,UTR479776888469,Metro Logistics
ACC-002,2026-07-23,164533759,credit,Payment from Metro Logistics,UTR619406611023,Metro Logistics
ACC-002,2026-07-24,9017223,credit,Payment from Prestige Estates,UTR807663841396,Prestige Estates
ACC-002,2026-07-24,-316990,debit,Metro Logistics payment,UTR516211396374,Metro Logistics
ACC-002,2026-07-25,-22593894,debit,BoltParts Pvt payment,UTR248345165064,BoltParts Pvt
ACC-002,2026-07-25,-50360407,debit,Quantum Supplies payment,UTR899410868608,Quantum Supplies
ACC-002,2026-07-25,-42157923,debit,Zephyr Ltd payment,UTR430620099988,Zephyr Ltd
ACC-002,2026-07-25,-1529565,debit,Horizon Exports payment,,Horizon Exports
ACC-002,2026-07-25,-3560118,debit,Zephyr Ltd payment,UTR898327940253,Zephyr Ltd
ACC-003,2026-05-31,-1127166,debit,Acme Corp Ltd payment,,Acme Corp Ltd
ACC-003,2026-05-31,27018073,credit,Payment from Acme Corp Ltd,UTR136910709084,Acme Corp Ltd
ACC-003,2026-06-01,-8413818,debit,Vertex Systems payment,UTR355288401397,Vertex Systems
ACC-003,2026-06-01,5237220,credit,Payment from Bluechip Industries,,Bluechip Industries
ACC-003,2026-06-01,24008292,credit,Payment from Acme Corp Ltd,,Acme Corp Ltd
ACC-003,2026-06-01,9647560,credit,Payment from Vertex Systems,UTR359075283955,Vertex Systems
ACC-003,2026-06-01,-16747954,debit,Prestige Estates payment,UTR165606286550,Prestige Estates
ACC-003,2026-06-02,-4483917,debit,Quantum Supplies payment,UTR837202429065,Quantum Supplies
ACC-003,2026-06-02,-3238424,debit,Pinnacle Tech payment,UTR303480347115,Pinnacle Tech
ACC-003,2026-06-02,-12830950,debit,Apex Dynamics payment,UTR427385361962,Apex Dynamics
ACC-003,2026-06-03,-13121235,debit,Apex Dynamics payment,UTR248305185574,Apex Dynamics
ACC-003,2026-06-03,15503937,credit,Payment from Pinnacle Tech,UTR188676926429,Pinnacle Tech
ACC-003,2026-06-03,-19141708,debit,Horizon Exports payment,UTR513469894146,Horizon Exports
ACC-003,2026-06-04,28796069,credit,Payment from Crest Capital,,Crest Capital
ACC-003,2026-06-04,-1723004,debit,Vertex Systems payment,,Vertex Systems
ACC-003,2026-06-05,-3308531,debit,Prestige Estates payment,UTR310183500752,Prestige Estates
ACC-003,2026-06-05,39359599,credit,Payment from Metro Logistics,UTR875689998101,Metro Logistics
ACC-003,2026-06-05,9963222,credit,Payment from Zephyr Ltd,UTR951784850549,Zephyr Ltd
ACC-003,2026-06-05,3305388,credit,Payment from Prestige Estates,UTR613236897932,Prestige Estates
ACC-003,2026-06-06,-4101812,debit,Apex Dynamics payment,UTR451498968954,Apex Dynamics
ACC-003,2026-06-06,2663733,credit,Payment from Zephyr Ltd,UTR117806602466,Zephyr Ltd
ACC-003,2026-06-07,-9693210,debit,Bluechip Industries payment,UTR423916031362,Bluechip Industries
ACC-003,2026-06-07,12155091,credit,Payment from Northwind Traders,UTR819624530104,Northwind Traders
ACC-003,2026-06-07,46942097,credit,Payment from Quantum Supplies,UTR807482294267,Quantum Supplies
ACC-003,2026-06-07,-11993145,debit,Metro Logistics payment,UTR700094177194,Metro Logistics
ACC-003,2026-06-08,-23567278,debit,Northwind Traders payment,UTR675777869916,Northwind Traders
ACC-003,2026-06-08,-25989262,debit,Acme Corp Ltd payment,UTR550998984401,Acme Corp Ltd
ACC-003,2026-06-08,-11479294,debit,Northwind Traders payment,UTR266246027419,Northwind Traders
ACC-003,2026-06-08,6651883,credit,Payment from Acme Corp Ltd,UTR778320951396,Acme Corp Ltd
ACC-003,2026-06-08,-5505831,debit,Horizon Exports payment,UTR707876223942,Horizon Exports
ACC-003,2026-06-09,7722795,credit,Payment from Acme Corp Ltd,UTR995510198977,Acme Corp Ltd
ACC-003,2026-06-09,-1476246,debit,Metro Logistics payment,,Metro Logistics
ACC-003,2026-06-09,17513746,credit,Payment from Northwind Traders,UTR377139018198,Northwind Traders
ACC-003,2026-06-09,14735131,credit,Payment from Crest Capital,UTR508361278207,Crest Capital
ACC-003,2026-06-09,-5340867,debit,Pinnacle Tech payment,UTR817605785471,Pinnacle Tech
ACC-003,2026-06-10,63809237,credit,Payment from BoltParts Pvt,UTR162173968482,BoltParts Pvt
ACC-003,2026-06-10,19537295,credit,Payment from Quantum Supplies,UTR464146123458,Quantum Supplies
ACC-003,2026-06-11,-14095989,debit,Bluechip Industries payment,UTR622125362176,Bluechip Industries
ACC-003,2026-06-11,114999442,credit,Payment from Prestige Estates,,Prestige Estates
ACC-003,2026-06-12,-13957092,debit,Northwind Traders payment,UTR331762745410,Northwind Traders
ACC-003,2026-06-12,26021185,credit,Payment from Vertex Systems,,Vertex Systems
ACC-003,2026-06-13,-936844,debit,Northwind Traders payment,UTR528850089728,Northwind Traders
ACC-003,2026-06-13,-2191937,debit,Quantum Supplies payment,UTR860159724595,Quantum Supplies
ACC-003,2026-06-13,57811156,credit,Payment from Metro Logistics,UTR157320030087,Metro Logistics
ACC-003,2026-06-13,17843795,credit,Payment from BoltParts Pvt,UTR756936114566,BoltParts Pvt
ACC-003,2026-06-14,3947555,credit,Payment from Apex Dynamics,UTR638806010341,Apex Dynamics
ACC-003,2026-06-14,32863117,credit,Payment from Zephyr Ltd,UTR519449391948,Zephyr Ltd
ACC-003,2026-06-14,-3404502,debit,BoltParts Pvt payment,UTR882742541620,BoltParts Pvt
ACC-003,2026-06-14,29195382,credit,Payment from BoltParts Pvt,UTR528378557598,BoltParts Pvt
ACC-003,2026-06-14,47591718,credit,Payment from Synergy Solutions,UTR439057432441,Synergy Solutions
ACC-003,2026-06-15,-7040461,debit,Synergy Solutions payment,UTR712277588519,Synergy Solutions
ACC-003,2026-06-15,13597041,credit,Payment from Bluechip Industries,UTR707110439018,Bluechip Industries
ACC-003,2026-06-15,-7675930,debit,BoltParts Pvt payment,UTR526979063011,BoltParts Pvt
ACC-003,2026-06-15,963330,credit,Payment from Apex Dynamics,,Apex Dynamics
ACC-003,2026-06-15,-8031085,debit,Zephyr Ltd payment,UTR393351125065,Zephyr Ltd
ACC-003,2026-06-16,27954548,credit,Payment from Northwind Traders,UTR428226135271,Northwind Traders
ACC-003,2026-06-16,-1067030,debit,Horizon Exports payment,UTR754964484237,Horizon Exports
ACC-003,2026-06-16,91019621,credit,Payment from Vertex Systems,UTR105603463447,Vertex Systems
ACC-003,2026-06-16,2064602,credit,Payment from Pinnacle Tech,UTR573884083684,Pinnacle Tech
ACC-003,2026-06-16,-1450423,debit,Crest Capital payment,UTR248581786231,Crest Capital
ACC-003,2026-06-17,-3402771,debit,Synergy Solutions payment,UTR419198265730,Synergy Solutions
ACC-003,2026-06-17,-1706238,debit,Metro Logistics payment,UTR961466841884,Metro Logistics
ACC-003,2026-06-17,6712097,credit,Payment from Zephyr Ltd,UTR722478488545,Zephyr Ltd
ACC-003,2026-06-17,-28032606,debit,Zephyr Ltd payment,UTR944741523484,Zephyr Ltd
ACC-003,2026-06-18,-3787127,debit,Metro Logistics payment,UTR175990148909,Metro Logistics
ACC-003,2026-06-18,-1771244,debit,Crest Capital payment,UTR648351263590,Crest Capital
ACC-003,2026-06-19,9883691,credit,Payment from Quantum Supplies,UTR178928574575,Quantum Supplies
ACC-003,2026-06-19,-8917216,debit,Horizon Exports payment,UTR685836997048,Horizon Exports
ACC-003,2026-06-19,-10178499,debit,Bluechip Industries payment,UTR499296357998,Bluechip Industries
ACC-003,2026-06-20,-2337240,debit,BoltParts Pvt payment,UTR281913377709,BoltParts Pvt
ACC-003,2026-06-20,-1326106,debit,Quantum Supplies payment,UTR928786143023,Quantum Supplies
ACC-003,2026-06-21,5126567,credit,Payment from Apex Dynamics,UTR341629441437,Apex Dynamics
ACC-003,2026-06-21,-1202056,debit,Bluechip Industries payment,UTR531103560912,Bluechip Industries
ACC-003,2026-06-21,-2903064,debit,Horizon Exports payment,UTR265358241424,Horizon Exports
ACC-003,2026-06-21,-2175965,debit,Synergy Solutions payment,,Synergy Solutions
ACC-003,2026-06-22,-5473146,debit,BoltParts Pvt payment,UTR440798476551,BoltParts Pvt
ACC-003,2026-06-22,-6799897,debit,Synergy Solutions payment,UTR892155890847,Synergy Solutions
ACC-003,2026-06-23,37732636,credit,Payment from Synergy Solutions,UTR227606824112,Synergy Solutions
ACC-003,2026-06-23,-2034294,debit,Acme Corp Ltd payment,UTR915974639288,Acme Corp Ltd
ACC-003,2026-06-23,-1498258,debit,Zephyr Ltd payment,UTR715601913080,Zephyr Ltd
ACC-003,2026-06-23,-5614586,debit,Pinnacle Tech payment,UTR824305341537,Pinnacle Tech
ACC-003,2026-06-23,33701965,credit,Payment from Pinnacle Tech,UTR318541239164,Pinnacle Tech
ACC-003,2026-06-24,23029491,credit,Payment from Vertex Systems,UTR992080855332,Vertex Systems
ACC-003,2026-06-24,10236047,credit,Payment from Apex Dynamics,UTR692155642250,Apex Dynamics
ACC-003,2026-06-24,12125175,credit,Payment from Northwind Traders,UTR681922902638,Northwind Traders
ACC-003,2026-06-24,17470919,credit,Payment from Quantum Supplies,UTR745931058066,Quantum Supplies
ACC-003,2026-06-24,25584728,credit,Payment from BoltParts Pvt,,BoltParts Pvt
ACC-003,2026-06-25,-1592880,debit,Vertex Systems payment,UTR230194141422,Vertex Systems
ACC-003,2026-06-25,21246493,credit,Payment from Zephyr Ltd,UTR754631352267,Zephyr Ltd
ACC-003,2026-06-25,-20350407,debit,Northwind Traders payment,UTR797874934613,Northwind Traders
ACC-003,2026-06-25,-362425,debit,Bluechip Industries payment,UTR415635609113,Bluechip Industries
ACC-003,2026-06-26,170140,credit,Payment from Northwind Traders,UTR632617105267,Northwind Traders
ACC-003,2026-06-26,3169017,credit,Payment from Northwind Traders,UTR853376495451,Northwind Traders
ACC-003,2026-06-26,27919847,credit,Payment from Horizon Exports,,Horizon Exports
ACC-003,2026-06-27,73332340,credit,Payment from Northwind Traders,UTR345993620171,Northwind Traders
ACC-003,2026-06-27,14788318,credit,Payment from Bluechip Industries,UTR918473236457,Bluechip Industries
ACC-003,2026-06-27,-3136067,debit,Apex Dynamics payment,UTR700329539251,Apex Dynamics
ACC-003,2026-06-27,-4300623,debit,Crest Capital payment,UTR146200045145,Crest Capital
ACC-003,2026-06-27,-275105,debit,Apex Dynamics payment,UTR820824665009,Apex Dynamics
ACC-003,2026-06-28,-2096128,debit,Prestige Estates payment,UTR483380872138,Prestige Estates
ACC-003,2026-06-28,-257763,debit,Crest Capital payment,UTR328650942257,Crest Capital
ACC-003,2026-06-28,-16502555,debit,Apex Dynamics payment,UTR881087256575,Apex Dynamics
ACC-003,2026-06-29,-7445025,debit,Northwind Traders payment,,Northwind Traders
ACC-003,2026-06-29,1168591,credit,Payment from Vertex Systems,UTR286997587025,Vertex Systems
ACC-003,2026-06-29,-3540449,debit,Synergy Solutions payment,,Synergy Solutions
ACC-003,2026-06-29,-17584815,debit,Bluechip Industries payment,UTR246437877032,Bluechip Industries
ACC-003,2026-06-29,-76589302,debit,Apex Dynamics payment,,Apex Dynamics
ACC-003,2026-06-30,-1084951,debit,Metro Logistics payment,UTR455242735878,Metro Logistics
ACC-003,2026-06-30,19437559,credit,Payment from Crest Capital,UTR394773921954,Crest Capital
ACC-003,2026-06-30,3688698,credit,Payment from Quantum Supplies,UTR974599771604,Quantum Supplies
ACC-003,2026-07-01,-3304837,debit,Pinnacle Tech payment,UTR636657254891,Pinnacle Tech
ACC-003,2026-07-01,-50380168,debit,Synergy Solutions payment,,Synergy Solutions
ACC-003,2026-07-02,-1796649,debit,Metro Logistics payment,,Metro Logistics
ACC-003,2026-07-02,-1569615,debit,Apex Dynamics payment,UTR642075774411,Apex Dynamics
ACC-003,2026-07-03,-2512707,debit,Synergy Solutions payment,UTR965372936925,Synergy Solutions
ACC-003,2026-07-03,-15306042,debit,Synergy Solutions payment,UTR207571505778,Synergy Solutions
ACC-003,2026-07-03,-3036989,debit,Quantum Supplies payment,,Quantum Supplies
ACC-003,2026-07-03,-5690776,debit,Horizon Exports payment,,Horizon Exports
ACC-003,2026-07-04,-28541910,debit,Zephyr Ltd payment,UTR404412657737,Zephyr Ltd
ACC-003,2026-07-04,-1640251,debit,BoltParts Pvt payment,UTR831741497149,BoltParts Pvt
ACC-003,2026-07-04,4426723,credit,Payment from Quantum Supplies,UTR569157075393,Quantum Supplies
ACC-003,2026-07-04,18611410,credit,Payment from Quantum Supplies,UTR624902647083,Quantum Supplies
ACC-003,2026-07-04,13099394,credit,Payment from BoltParts Pvt,UTR476649721582,BoltParts Pvt
ACC-003,2026-07-05,59968586,credit,Payment from Crest Capital,UTR349412308447,Crest Capital
ACC-003,2026-07-05,12127477,credit,Payment from Pinnacle Tech,UTR251609147228,Pinnacle Tech
ACC-003,2026-07-06,-3226015,debit,Apex Dynamics payment,,Apex Dynamics
ACC-003,2026-07-06,-10763705,debit,Quantum Supplies payment,UTR283180441986,Quantum Supplies
ACC-003,2026-07-06,31698878,credit,Payment from Horizon Exports,UTR266422547450,Horizon Exports
ACC-003,2026-07-06,-2598396,debit,Pinnacle Tech payment,,Pinnacle Tech
ACC-003,2026-07-06,-6406513,debit,Northwind Traders payment,UTR483901493835,Northwind Traders
ACC-003,2026-07-07,-5101038,debit,Synergy Solutions payment,UTR759711267586,Synergy Solutions
ACC-003,2026-07-07,-21067863,debit,Metro Logistics payment,UTR128735375961,Metro Logistics
ACC-003,2026-07-07,-8096888,debit,Crest Capital payment,UTR921148984176,Crest Capital
ACC-003,2026-07-07,5641311,credit,Payment from Pinnacle Tech,UTR975734866161,Pinnacle Tech
ACC-003,2026-07-07,-12219552,debit,Zephyr Ltd payment,UTR117084078319,Zephyr Ltd
ACC-003,2026-07-08,25060057,credit,Payment from Synergy Solutions,,Synergy Solutions
ACC-003,2026-07-08,4926466,credit,Payment from Vertex Systems,UTR950349263131,Vertex Systems
ACC-003,2026-07-08,8087699,credit,Payment from BoltParts Pvt,UTR337349278479,BoltParts Pvt
ACC-003,2026-07-08,-12999939,debit,Acme Corp Ltd payment,UTR652816532468,Acme Corp Ltd
ACC-003,2026-07-09,-3633475,debit,Pinnacle Tech payment,UTR690715047902,Pinnacle Tech
ACC-003,2026-07-09,15238944,credit,Payment from Vertex Systems,,Vertex Systems
ACC-003,2026-07-09,12765378,credit,Payment from Apex Dynamics,UTR798303430374,Apex Dynamics
ACC-003,2026-07-09,-4280963,debit,Apex Dynamics payment,UTR365628557943,Apex Dynamics
ACC-003,2026-07-09,6684142,credit,Payment from Acme Corp Ltd,,Acme Corp Ltd
ACC-003,2026-07-10,-20143897,debit,Horizon Exports payment,UTR229603412288,Horizon Exports
ACC-003,2026-07-10,-8259786,debit,Acme Corp Ltd payment,UTR646164502396,Acme Corp Ltd
ACC-003,2026-07-11,-7030749,debit,Bluechip Industries payment,UTR957918756928,Bluechip Industries
ACC-003,2026-07-11,4339457,credit,Payment from Crest Capital,,Crest Capital
ACC-003,2026-07-11,-2915981,debit,Apex Dynamics payment,UTR882813408006,Apex Dynamics
ACC-003,2026-07-11,-12442078,debit,Vertex Systems payment,UTR497330782704,Vertex Systems
ACC-003,2026-07-12,-6694533,debit,Horizon Exports payment,UTR730906078844,Horizon Exports
ACC-003,2026-07-12,-8302208,debit,Quantum Supplies payment,UTR102185386258,Quantum Supplies
ACC-003,2026-07-13,-5197136,debit,Crest Capital payment,UTR293918137066,Crest Capital
ACC-003,2026-07-13,38765832,credit,Payment from Crest Capital,,Crest Capital
ACC-003,2026-07-14,1908265,credit,Payment from Zephyr Ltd,UTR727399747618,Zephyr Ltd
ACC-003,2026-07-14,26169675,credit,Payment from Synergy Solutions,UTR293499753476,Synergy Solutions
ACC-003,2026-07-14,-58838995,debit,Zephyr Ltd payment,UTR951616023363,Zephyr Ltd
ACC-003,2026-07-14,7067585,credit,Payment from Crest Capital,UTR110551644485,Crest Capital
ACC-003,2026-07-14,3904511,credit,Payment from Synergy Solutions,UTR505719475778,Synergy Solutions
ACC-003,2026-07-15,-3586762,debit,Apex Dynamics payment,UTR935571109496,Apex Dynamics
ACC-003,2026-07-15,34273767,credit,Payment from Apex Dynamics,UTR797272580412,Apex Dynamics
ACC-003,2026-07-15,-5210079,debit,Crest Capital payment,UTR101438888667,Crest Capital
ACC-003,2026-07-15,-12790615,debit,Apex Dynamics payment,UTR560584422688,Apex Dynamics
ACC-003,2026-07-15,-1349199,debit,Horizon Exports payment,,Horizon Exports
ACC-003,2026-07-16,23114045,credit,Payment from Metro Logistics,,Metro Logistics
ACC-003,2026-07-16,-6092546,debit,Pinnacle Tech payment,UTR924524434492,Pinnacle Tech
ACC-003,2026-07-16,-1204692,debit,BoltParts Pvt payment,UTR725312430866,BoltParts Pvt
ACC-003,2026-07-17,-4763021,debit,Pinnacle Tech payment,UTR384720580530,Pinnacle Tech
ACC-003,2026-07-17,17951554,credit,Payment from Crest Capital,UTR595287286538,Crest Capital
ACC-003,2026-07-18,1703722,credit,Payment from Zephyr Ltd,UTR949458361148,Zephyr Ltd
ACC-003,2026-07-18,28089154,credit,Payment from Vertex Systems,UTR688929079884,Vertex Systems
ACC-003,2026-07-18,-9803640,debit,Synergy Solutions payment,UTR608130312484,Synergy Solutions
ACC-003,2026-07-18,-23099327,debit,Prestige Estates payment,UTR867530862781,Prestige Estates
ACC-003,2026-07-19,-13280861,debit,Zephyr Ltd payment,UTR882075804310,Zephyr Ltd
ACC-003,2026-07-19,-3886798,debit,Zephyr Ltd payment,UTR130811527327,Zephyr Ltd
ACC-003,2026-07-20,-6059693,debit,Crest Capital payment,UTR204152323998,Crest Capital
ACC-003,2026-07-20,11805514,credit,Payment from Horizon Exports,UTR242688641049,Horizon Exports
ACC-003,2026-07-20,-3063943,debit,Zephyr Ltd payment,UTR192963214300,Zephyr Ltd
ACC-003,2026-07-20,-7044991,debit,Vertex Systems payment,,Vertex Systems
ACC-003,2026-07-20,-4110970,debit,Zephyr Ltd payment,UTR199337403298,Zephyr Ltd
ACC-003,2026-07-21,4935994,credit,Payment from BoltParts Pvt,UTR898098061664,BoltParts Pvt
ACC-003,2026-07-21,-5792642,debit,Pinnacle Tech payment,UTR290811069045,Pinnacle Tech
ACC-003,2026-07-21,14536528,credit,Payment from Synergy Solutions,,Synergy Solutions
ACC-003,2026-07-21,-10563305,debit,Acme Corp Ltd payment,UTR424902586755,Acme Corp Ltd
ACC-003,2026-07-22,-3269518,debit,Pinnacle Tech payment,UTR320843931964,Pinnacle Tech
ACC-003,2026-07-22,-5289543,debit,Quantum Supplies payment,UTR700445739812,Quantum Supplies
ACC-003,2026-07-22,2458356,credit,Payment from Apex Dynamics,UTR635932182933,Apex Dynamics
ACC-003,2026-07-22,-14489050,debit,Synergy Solutions payment,UTR398020828313,Synergy Solutions
ACC-003,2026-07-22,7867442,credit,Payment from Northwind Traders,,Northwind Traders
ACC-003,2026-07-23,-4347846,debit,Acme Corp Ltd payment,UTR943348752593,Acme Corp Ltd
ACC-003,2026-07-23,-7867033,debit,Vertex Systems payment,UTR685260277007,Vertex Systems
ACC-003,2026-07-23,-4639794,debit,Crest Capital payment,UTR344588949245,Crest Capital
ACC-003,2026-07-23,-6580386,debit,Vertex Systems payment,,Vertex Systems
ACC-003,2026-07-24,3416521,credit,Payment from Northwind Traders,UTR867674315946,Northwind Traders
ACC-003,2026-07-24,-23059407,debit,Synergy Solutions payment,,Synergy Solutions
ACC-003,2026-07-24,13889469,credit,Payment from Vertex Systems,,Vertex Systems
ACC-003,2026-07-25,5939229,credit,Payment from Bluechip Industries,UTR122414613742,Bluechip Industries
ACC-003,2026-07-25,-5132324,debit,Bluechip Industries payment,UTR321681020854,Bluechip Industries
ACC-003,2026-07-25,5743084,credit,Payment from Apex Dynamics,,Apex Dynamics
ACC-003,2026-07-25,719953,credit,Payment from Synergy Solutions,UTR951011918168,Synergy Solutions
ACC-001,2026-06-10,1716665,credit,Payment from Synergy Solutions,UTR956881765075,Synergy Solutions
ACC-002,2026-07-08,-6827014,debit,Quantum Supplies payment,UTR738626494246,Quantum Supplies
ACC-003,2026-07-21,-14489050,debit,Synergy Solutions payment,UTR996490648229,Synergy Solutions
ACC-002,2026-06-19,-1089433,debit,Synergy Solutions payment,UTR525646523196,Synergy Solutions
